id,date,description,counterparty,account,debit,credit,category,source,created_at
1,2024-05-10,Purchase Steel Drums,HTG Petro,Bank,58806.0,0.0,Purchases - Steel Drums,htg_petro,2026-04-21 07:01:25
2,2024-05-10,Paid Chq # 32307017 bank al baraka,HTG Petro,Bank,0.0,58800.0,Accounts Payable Payment,htg_petro,2026-04-21 07:01:25
3,2024-05-14,Purchase Steel Drums,HTG Petro,Bank,78409.0,0.0,Purchases - Steel Drums,htg_petro,2026-04-21 07:01:25
4,2024-05-15,Purchase Steel Drums,HTG Petro,Bank,240126.0,0.0,Purchases - Steel Drums,htg_petro,2026-04-21 07:01:25
5,2024-05-16,Purchase Plastic Drums,HTG Petro,Bank,39000.0,0.0,Purchases - Plastic Drums,htg_petro,2026-04-21 07:01:25
6,2024-05-16,Purchase Steel Drums,HTG Petro,Bank,49005.0,0.0,Purchases - Steel Drums,htg_petro,2026-04-21 07:01:25
7,2024-05-17,Purchase Steel Drums,HTG Petro,Bank,137215.0,0.0,Purchases - Steel Drums,htg_petro,2026-04-21 07:01:25
8,2024-05-18,Purchase Steel Drums,HTG Petro,Bank,808589.0,0.0,Purchases - Steel Drums,htg_petro,2026-04-21 07:01:25
9,2024-05-24,Purchase Steel Drums,HTG Petro,Bank,808589.0,0.0,Purchases - Steel Drums,htg_petro,2026-04-21 07:01:25
10,2024-05-30,Purchase Plastic Drums,HTG Petro,Bank,50700.0,0.0,Purchases - Plastic Drums,htg_petro,2026-04-21 07:01:25
11,2024-06-02,Purchase Steel Drums,HTG Petro,Bank,808589.0,0.0,Purchases - Steel Drums,htg_petro,2026-04-21 07:01:25
12,2024-06-06,Purchase Steel Drums,HTG Petro,Bank,735081.0,0.0,Purchases - Steel Drums,htg_petro,2026-04-21 07:01:25
13,2024-06-07,Purchase Steel Drums,HTG Petro,Bank,808589.0,0.0,Purchases - Steel Drums,htg_petro,2026-04-21 07:01:25
14,2024-06-08,Purchase Steel Drums,HTG Petro,Bank,808589.0,0.0,Purchases - Steel Drums,htg_petro,2026-04-21 07:01:25
15,2024-06-10,Paid Chq # 32307034 bank al baraka,HTG Petro,Bank,0.0,808590.0,Accounts Payable Payment,htg_petro,2026-04-21 07:01:25
16,2024-06-10,Purchase Plastic Drums,HTG Petro,Bank,93600.0,0.0,Purchases - Plastic Drums,htg_petro,2026-04-21 07:01:25
17,2024-06-12,Purchase Steel Drums,HTG Petro,Bank,735081.0,0.0,Purchases - Steel Drums,htg_petro,2026-04-21 07:01:25
18,2024-06-12,Paid Chq # 32307035 bank al baraka,HTG Petro,Bank,0.0,808590.0,Accounts Payable Payment,htg_petro,2026-04-21 07:01:25
19,2024-06-13,Paid Chq # 32307036 bank al baraka,HTG Petro,Bank,0.0,137216.0,Accounts Payable Payment,htg_petro,2026-04-21 07:01:25
20,2024-06-14,Paid online Transfer to Ehtasham MBL A/c,HTG Petro,Bank,0.0,89700.0,Accounts Payable Payment,htg_petro,2026-04-21 07:01:25
21,2024-06-15,Paid Cash to Ehtasham sb against plastic drums,HTG Petro,Bank,0.0,93000.0,Accounts Payable Payment,htg_petro,2026-04-21 07:01:25
22,2024-06-15,Purchase Steel Drums,HTG Petro,Bank,808589.0,0.0,Purchases - Steel Drums,htg_petro,2026-04-21 07:01:25
23,2024-06-20,Paid Chq # 32307037 bank al baraka,HTG Petro,Bank,0.0,259729.0,Accounts Payable Payment,htg_petro,2026-04-21 07:01:25
24,2024-06-23,Purchase Steel Drums,HTG Petro,Bank,808589.0,0.0,Purchases - Steel Drums,htg_petro,2026-04-21 07:01:25
25,2024-06-24,Purchase Steel Drums,HTG Petro,Bank,808589.0,0.0,Purchases - Steel Drums,htg_petro,2026-04-21 07:01:25
26,2024-06-24,Drums Convaynce (165 Drums @ 250/-),HTG Petro,Bank,41250.0,0.0,Freight & Conveyance,htg_petro,2026-04-21 07:01:25
27,2024-06-24,Drums Convaynce (165 Drums @ 250/-),HTG Petro,Bank,41250.0,0.0,Freight & Conveyance,htg_petro,2026-04-21 07:01:25
28,2024-06-27,Purchase Plastic Drums,HTG Petro,Bank,62400.0,0.0,Purchases - Plastic Drums,htg_petro,2026-04-21 07:01:25
29,2024-07-02,Purchase Plastic Drums,HTG Petro,Bank,117000.0,0.0,Purchases - Plastic Drums,htg_petro,2026-04-21 07:01:25
30,2024-07-09,Paid Chq # 32307072 bank al baraka,HTG Petro,Bank,0.0,808589.0,Accounts Payable Payment,htg_petro,2026-04-21 07:01:25
31,2024-07-09,Paid Chq # 32307073 bank al baraka,HTG Petro,Bank,0.0,735081.0,Accounts Payable Payment,htg_petro,2026-04-21 07:01:25
32,2024-07-09,Paid Chq # 32307074 bank al baraka,HTG Petro,Bank,0.0,808589.0,Accounts Payable Payment,htg_petro,2026-04-21 07:01:25
33,2024-07-11,Purchase IBC's Small Tanks,HTG Petro,Bank,685580.0,0.0,Purchases - IBC Tanks,htg_petro,2026-04-21 07:01:25
34,2024-07-13,Purchase IBC's Small Tanks,HTG Petro,Bank,685580.0,0.0,Purchases - IBC Tanks,htg_petro,2026-04-21 07:01:25
35,2024-07-18,Purchase IBC's Small Tanks,HTG Petro,Bank,685580.0,0.0,Purchases - IBC Tanks,htg_petro,2026-04-21 07:01:25
36,2024-07-24,Purchase IBC's Small Tanks,HTG Petro,Bank,685580.0,0.0,Purchases - IBC Tanks,htg_petro,2026-04-21 07:01:25
37,2024-07-29,Purchase IBC's Small Tanks,HTG Petro,Bank,685580.0,0.0,Purchases - IBC Tanks,htg_petro,2026-04-21 07:01:25
38,2024-07-31,Paid Chq # 32307076 bank al baraka,HTG Petro,Bank,0.0,735081.0,Accounts Payable Payment,htg_petro,2026-04-21 07:01:25
39,2024-08-01,Dep Cash MBL M Ehtisham A/c,HTG Petro,Bank,0.0,3000000.0,Accounts Payable Payment,htg_petro,2026-04-21 07:01:25
40,2024-08-08,Purchase IBC's Small Tanks,HTG Petro,Bank,685580.0,0.0,Purchases - IBC Tanks,htg_petro,2026-04-21 07:01:25
41,2024-08-20,Purchase Steel Drums,HTG Petro,Bank,9801.0,0.0,Purchases - Steel Drums,htg_petro,2026-04-21 07:01:25
42,2024-09-06,Paid Chq # 02814745 Meezan Bank HTG Petro,HTG Petro,Bank,0.0,685580.0,Accounts Payable Payment,htg_petro,2026-04-21 07:01:25
43,2024-09-12,Paid Chq # 02814747 Meezan Bank HTG Petro,HTG Petro,Bank,0.0,685580.0,Accounts Payable Payment,htg_petro,2026-04-21 07:01:25
44,2024-09-12,Purchase Plastic Drums,HTG Petro,Bank,117000.0,0.0,Purchases - Plastic Drums,htg_petro,2026-04-21 07:01:25
45,2024-09-21,Paid Chq # 02814749 Meezan Bank HTG Petro,HTG Petro,Bank,0.0,1000000.0,Accounts Payable Payment,htg_petro,2026-04-21 07:01:25
46,2024-09-23,Paid Chq # 02814752 Meezan Bank HTG Petro,HTG Petro,Bank,0.0,1659645.0,Accounts Payable Payment,htg_petro,2026-04-21 07:01:25
47,2024-09-24,Purchase IBC's Small Tanks,HTG Petro,Bank,578200.0,0.0,Purchases - IBC Tanks,htg_petro,2026-04-21 07:01:25
48,2024-09-26,Purchase IBC's Small Tanks,HTG Petro,Bank,578200.0,0.0,Purchases - IBC Tanks,htg_petro,2026-04-21 07:01:25
49,2024-09-27,Purchase IBC's Small Tanks,HTG Petro,Bank,578200.0,0.0,Purchases - IBC Tanks,htg_petro,2026-04-21 07:01:25
50,2024-09-28,Purchase IBC's Small Tanks,HTG Petro,Bank,578200.0,0.0,Purchases - IBC Tanks,htg_petro,2026-04-21 07:01:25
51,2024-10-15,Paid Chq # 00001267 HBL HTG Petro,HTG Petro,Bank,0.0,300000.0,Accounts Payable Payment,htg_petro,2026-04-21 07:01:25
52,2024-10-16,Paid Cash to Ehtasham sb against plastic drums,HTG Petro,Bank,0.0,78000.0,Accounts Payable Payment,htg_petro,2026-04-21 07:01:25
53,2024-10-17,Purchase IBC's Small Tanks,HTG Petro,Bank,578200.0,0.0,Purchases - IBC Tanks,htg_petro,2026-04-21 07:01:25
54,2024-10-19,Purchase IBC's Small Tanks,HTG Petro,Bank,578200.0,0.0,Purchases - IBC Tanks,htg_petro,2026-04-21 07:01:25
55,2024-10-28,Purchase IBC's Small Tanks,HTG Petro,Bank,578200.0,0.0,Purchases - IBC Tanks,htg_petro,2026-04-21 07:01:25
56,2024-10-30,Paid Chq # 02814756 Meezan Bank HTG Petro,HTG Petro,Bank,0.0,578200.0,Accounts Payable Payment,htg_petro,2026-04-21 07:01:25
57,2024-10-30,Purchase IBC's Small Tanks,HTG Petro,Bank,578200.0,0.0,Purchases - IBC Tanks,htg_petro,2026-04-21 07:01:25
58,2024-10-31,Purchase IBC's Small Tanks,HTG Petro,Bank,578200.0,0.0,Purchases - IBC Tanks,htg_petro,2026-04-21 07:01:25
59,2024-11-06,Paid Chq # 02814757 Meezan Bank HTG Petro,HTG Petro,Bank,0.0,578200.0,Accounts Payable Payment,htg_petro,2026-04-21 07:01:25
60,2024-11-16,Paid Chq # 02814758 Meezan Bank HTG Petro,HTG Petro,Bank,0.0,578200.0,Accounts Payable Payment,htg_petro,2026-04-21 07:01:25
61,2024-11-19,Paid Chq # 02814759 Meezan Bank HTG Petro,HTG Petro,Bank,0.0,578200.0,Accounts Payable Payment,htg_petro,2026-04-21 07:01:25
62,2024-11-30,Paid Chq # 00001251 Habib Bank HTG Petro,HTG Petro,Bank,0.0,500000.0,Accounts Payable Payment,htg_petro,2026-04-21 07:01:25
63,2024-12-12,Purchase IBC's Small Tanks,HTG Petro,Bank,454300.0,0.0,Purchases - IBC Tanks,htg_petro,2026-04-21 07:01:25
64,2024-12-18,Purchase Plastic Drums,HTG Petro,Bank,117000.0,0.0,Purchases - Plastic Drums,htg_petro,2026-04-21 07:01:25
65,2025-01-08,Paid Chq # 88507461 Bank Al Falah HTG Petro,HTG Petro,Bank,0.0,1156400.0,Accounts Payable Payment,htg_petro,2026-04-21 07:01:25
66,2025-01-13,Paid Chq # 06567367 Meezan Bank HTG Petro,HTG Petro,Bank,0.0,578200.0,Accounts Payable Payment,htg_petro,2026-04-21 07:01:25
67,2025-01-22,Paid Chq # 06567569 Meezan bank HTG Petro,HTG Petro,Bank,0.0,1032500.0,Accounts Payable Payment,htg_petro,2026-04-21 07:01:25
68,2025-01-22,Paid against plastic drums Dep MBL Ehtasham A/C,HTG Petro,Bank,0.0,312200.0,Accounts Payable Payment,htg_petro,2026-04-21 07:01:25
69,2025-01-23,Purchase IBC's Small Tanks BILL # 1216,HTG Petro,Bank,619500.0,0.0,Purchases - IBC Tanks,htg_petro,2026-04-21 07:01:25
70,2025-01-24,Purchase IBC's Small Tanks,HTG Petro,Bank,619500.0,0.0,Purchases - IBC Tanks,htg_petro,2026-04-21 07:01:25
71,2025-02-24,Purchase Plastic Drums,HTG Petro,Bank,117000.0,0.0,Purchases - Plastic Drums,htg_petro,2026-04-21 07:01:25
72,2025-03-01,Purchase IBC's Small Tanks BILL # 1268,HTG Petro,Bank,619500.0,0.0,Purchases - IBC Tanks,htg_petro,2026-04-21 07:01:25
73,2025-03-02,Purchase IBC's Small Tanks BILL # 1268,HTG Petro,Bank,619500.0,0.0,Purchases - IBC Tanks,htg_petro,2026-04-21 07:01:25
74,2025-03-22,Purchase IBC's Small Tanks BILL # 1308,HTG Petro,Bank,619500.0,0.0,Purchases - IBC Tanks,htg_petro,2026-04-21 07:01:25
75,2025-03-23,Purchase IBC's Small Tanks BILL # 1308,HTG Petro,Bank,619500.0,0.0,Purchases - IBC Tanks,htg_petro,2026-04-21 07:01:25
76,2025-03-28,Paid Cash to Ehtasham sb against plastic drums,HTG Petro,Bank,0.0,150000.0,Accounts Payable Payment,htg_petro,2026-04-21 07:01:25
77,2025-04-15,Paid Chq # 33855829 Bank Al Baraka HTG Petro,HTG Petro,Bank,0.0,619500.0,Accounts Payable Payment,htg_petro,2026-04-21 07:01:25
78,2025-04-16,Paid Chq # 06567381 Meezan Bank HTG Petro,HTG Petro,Bank,0.0,150000.0,Accounts Payable Payment,htg_petro,2026-04-21 07:01:25
79,2025-04-17,Dep Cash Meezan Bank Pakistan Drums,HTG Petro,Bank,0.0,469500.0,Accounts Payable Payment,htg_petro,2026-04-21 07:01:25
80,2025-04-17,Paid Chq # 88507478 Bank Al Falah HTG Petro,HTG Petro,Bank,0.0,1239000.0,Accounts Payable Payment,htg_petro,2026-04-21 07:01:25
81,2025-04-25,Purchase IBC's Small Tanks BILL #,HTG Petro,Bank,819500.0,0.0,Purchases - IBC Tanks,htg_petro,2026-04-21 07:01:25
82,2025-04-25,Purchase Plastic Drums,HTG Petro,Bank,58500.0,0.0,Purchases - Plastic Drums,htg_petro,2026-04-21 07:01:25
83,2025-10-31,Sold Plastic IBCs 1000L to Sika Pakistan,Sika Pakistan,Bank,0.0,513300.0,Sales - IBC Tanks,xlsm,2026-04-21 07:01:25
84,2025-10-31,Sold Plastic IBCs 1000L to Sika Pakistan,Sika Pakistan,Bank,0.0,17700.0,Sales - IBC Tanks,xlsm,2026-04-21 07:01:25
85,2025-11-04,Sold Plastic IBCs 1000L to Scada,Scada,Bank,0.0,531000.0,Sales - IBC Tanks,xlsm,2026-04-21 07:01:25
86,2025-11-05,Sold Plastic IBCs 1000L to Scada,Scada,Bank,0.0,1062000.0,Sales - IBC Tanks,xlsm,2026-04-21 07:01:25
87,2025-11-08,Sold Plastic IBCs 1000L to Scada,Scada,Bank,0.0,531000.0,Sales - IBC Tanks,xlsm,2026-04-21 07:01:25
88,2025-11-10,Sold Plastic IBCs 1000L to Scada,Scada,Bank,0.0,531000.0,Sales - IBC Tanks,xlsm,2026-04-21 07:01:25
89,2025-11-11,Sold Plastic IBCs 1000L to Sika Pakistan,Sika Pakistan,Bank,0.0,531000.0,Sales - IBC Tanks,xlsm,2026-04-21 07:01:25
90,2025-11-13,Sold Plastic IBCs 1000L to Polymer international,Polymer international,Bank,0.0,377600.0,Sales - IBC Tanks,xlsm,2026-04-21 07:01:25
91,2025-11-14,Sold Plastic IBCs 1000L to Sika Pakistan,Sika Pakistan,Bank,0.0,495600.0,Sales - IBC Tanks,xlsm,2026-04-21 07:01:25
92,2025-11-14,Sold Plastic drum C/M 200L  to Sika Pakistan,Sika Pakistan,Bank,0.0,424800.0,Sales - Plastic Drums,xlsm,2026-04-21 07:01:25
93,2025-12-06,Sold Plastic IBCs 1000L to Polymer international,Polymer international,Bank,0.0,377600.0,Sales - IBC Tanks,xlsm,2026-04-21 07:01:25
94,2025-12-06,Sold Plastic IBCs 1000L to Sika Pakistan,Sika Pakistan,Bank,0.0,442500.0,Sales - IBC Tanks,xlsm,2026-04-21 07:01:25
95,2025-12-10,Sold Plastic drum O/M 120L  to Polymer international,Polymer international,Bank,0.0,501500.0,Sales - Plastic Drums,xlsm,2026-04-21 07:01:25
96,2025-12-18,Sold Plastic drum O/M 120L  to Polymer international,Polymer international,Bank,0.0,501500.0,Sales - Plastic Drums,xlsm,2026-04-21 07:01:25
97,2025-12-23,Sold Plastic IBCs 1000L to Polymer international,Polymer international,Bank,0.0,377600.0,Sales - IBC Tanks,xlsm,2026-04-21 07:01:25
98,2025-12-26,Payment received from Naveed Resin (Waseem),Naveed Resin (Waseem),Bank,24000.0,0.0,Customer Payment Received,xlsm,2026-04-21 07:01:25
99,2025-12-26,Payment received from Naveed Resin (Waseem),Naveed Resin (Waseem),Bank,460925.0,0.0,Customer Payment Received,xlsm,2026-04-21 07:01:25
100,2025-12-26,Payment received from Naveed Resin (Waseem),Naveed Resin (Waseem),Bank,81200.0,0.0,Customer Payment Received,xlsm,2026-04-21 07:01:25
101,2025-12-31,Sold  to Naveed Resin (Waseem),Naveed Resin (Waseem),Bank,0.0,384000.0,Sales - Steel Drums,xlsm,2026-04-21 07:01:25
102,2025-12-31,"Sold Steel drum 200L - without lacquer - once used, inside and outside clean  to Anjum Chemical- Pak petro",Anjum Chemical- Pak petro,Bank,0.0,690300.0,Sales - Steel Drums,xlsm,2026-04-21 07:01:25
103,2026-01-01,Sold Plastic IBCs 1000L to Sika Pakistan,Sika Pakistan,Bank,0.0,531000.0,Sales - IBC Tanks,xlsm,2026-04-21 07:01:25
104,2026-01-02,"Sold Steel drum 200L - without lacquer - once used, inside and outside clean  to Anjum Chemical- Pak petro",Anjum Chemical- Pak petro,Bank,0.0,690300.0,Sales - Steel Drums,xlsm,2026-04-21 07:01:25
105,2026-01-07,Purchase Steel drum 200L - rusty  from Khalid plastic,Khalid plastic,Bank,13000.0,0.0,Purchases - Steel Drums,xlsm,2026-04-21 07:01:25
106,2026-01-07,Sold Plastic drum O/M 120L  to Polymer international,Polymer international,Bank,0.0,501500.0,Sales - Plastic Drums,xlsm,2026-04-21 07:01:25
107,2026-01-07,"Sold Steel drum 200L - without lacquer - once used, inside and outside clean  to Anjum Chemical- Pak petro",Anjum Chemical- Pak petro,Bank,0.0,690300.0,Sales - Steel Drums,xlsm,2026-04-21 07:01:25
108,2026-01-07,"Purchase Steel drum 200L - with lacquer - once used, inside and outside clean  from Khalid plastic",Khalid plastic,Bank,103500.0,0.0,Purchases - Steel Drums,xlsm,2026-04-21 07:01:25
109,2026-01-07,Purchase Steel drum 200L - dented - with lacquer from Khalid plastic,Khalid plastic,Bank,26400.0,0.0,Purchases - Steel Drums,xlsm,2026-04-21 07:01:25
110,2026-01-07,"Purchase Steel drum 200L - without lacquer - once used, inside and outside clean  from Khalid plastic",Khalid plastic,Bank,7200.0,0.0,Purchases - Steel Drums,xlsm,2026-04-21 07:01:25
111,2026-01-07,Sold Plastic IBCs 1000L to Sika Pakistan,Sika Pakistan,Bank,0.0,531000.0,Sales - IBC Tanks,xlsm,2026-04-21 07:01:25
112,2026-01-09,Sold  to Naveed Resin (Waseem),Naveed Resin (Waseem),Bank,0.0,432000.0,Sales - Steel Drums,xlsm,2026-04-21 07:01:25
113,2026-01-10,"Sold Steel drum 200L - without lacquer - once used, inside and outside clean  to Anjum Chemical- Pak petro",Anjum Chemical- Pak petro,Bank,0.0,690300.0,Sales - Steel Drums,xlsm,2026-04-21 07:01:25
114,2026-01-13,"Sold Steel drum 200L - without lacquer - once used, inside and outside clean  to Anjum Chemical- Pak petro",Anjum Chemical- Pak petro,Bank,0.0,690300.0,Sales - Steel Drums,xlsm,2026-04-21 07:01:25
115,2026-01-13,Sold Plastic drum C/M 200L  to Sika Pakistan,Sika Pakistan,Bank,0.0,212400.0,Sales - Plastic Drums,xlsm,2026-04-21 07:01:25
116,2026-01-13,Purchase Plastic drum O/M 150kg  from Khalid plastic,Khalid plastic,Bank,17460.0,0.0,Purchases - Plastic Drums,xlsm,2026-04-21 07:01:25
117,2026-01-13,Purchase Plastic drum O/M 120L  from Khalid plastic,Khalid plastic,Bank,83440.0,0.0,Purchases - Plastic Drums,xlsm,2026-04-21 07:01:25
118,2026-01-13,Purchase Plastic drum O/M 120L  from Khalid plastic,Khalid plastic,Bank,44700.0,0.0,Purchases - Plastic Drums,xlsm,2026-04-21 07:01:25
119,2026-01-13,Purchase Plastic drum O/M 120L  from Khalid plastic,Khalid plastic,Bank,147510.0,0.0,Purchases - Plastic Drums,xlsm,2026-04-21 07:01:25
120,2026-01-14,"Purchase Steel drum 200L - without lacquer - once used, inside and outside clean  from Khalid plastic",Khalid plastic,Bank,79200.0,0.0,Purchases - Steel Drums,xlsm,2026-04-21 07:01:25
121,2026-01-14,Payment received from Naveed Resin (Waseem),Naveed Resin (Waseem),Bank,85000.0,0.0,Customer Payment Received,xlsm,2026-04-21 07:01:25
122,2026-01-14,Purchase Steel drum 200L - damage/cutting/cracked lacquer from Khalid plastic,Khalid plastic,Bank,2600.0,0.0,Purchases - Steel Drums,xlsm,2026-04-21 07:01:25
123,2026-01-14,Payment to Khalid plastic,Khalid plastic,Bank,0.0,300000.0,Accounts Payable Payment,xlsm,2026-04-21 07:01:25
124,2026-01-14,Purchase Steel drum 200L - dented - without lacquer from Khalid plastic,Khalid plastic,Bank,6600.0,0.0,Purchases - Steel Drums,xlsm,2026-04-21 07:01:25
125,2026-01-14,Purchase Steel drum 200L - rusty  from Khalid plastic,Khalid plastic,Bank,31200.0,0.0,Purchases - Steel Drums,xlsm,2026-04-21 07:01:25
126,2026-01-14,"Purchase Steel drum 200L - with lacquer - once used, inside and outside clean  from Khalid plastic",Khalid plastic,Bank,44850.0,0.0,Purchases - Steel Drums,xlsm,2026-04-21 07:01:25
127,2026-01-15,"Sold Steel drum 200L - without lacquer - once used, inside and outside clean  to Anjum Chemical- Pak petro",Anjum Chemical- Pak petro,Bank,0.0,690300.0,Sales - Steel Drums,xlsm,2026-04-21 07:01:25
128,2026-01-16,Payment received from Naveed Resin (Waseem),Naveed Resin (Waseem),Bank,150000.0,0.0,Customer Payment Received,xlsm,2026-04-21 07:01:25
129,2026-01-16,Sold Plastic drum C/M 200L  to Sika Pakistan,Sika Pakistan,Bank,0.0,212400.0,Sales - Plastic Drums,xlsm,2026-04-21 07:01:25
130,2026-01-17,Sold Plastic IBCs 1000L to Sika Pakistan,Sika Pakistan,Bank,0.0,88500.0,Sales - IBC Tanks,xlsm,2026-04-21 07:01:25
131,2026-01-17,Sold Plastic IBCs 1000L to Sika Pakistan,Sika Pakistan,Bank,0.0,442500.0,Sales - IBC Tanks,xlsm,2026-04-21 07:01:25
132,2026-01-19,Purchase Steel drum 200L - rusty  from Khalid plastic,Khalid plastic,Bank,10400.0,0.0,Purchases - Steel Drums,xlsm,2026-04-21 07:01:25
133,2026-01-19,Purchase Steel drum 200L - damage/cutting/cracked lacquer from Khalid plastic,Khalid plastic,Bank,2600.0,0.0,Purchases - Steel Drums,xlsm,2026-04-21 07:01:25
134,2026-01-19,"Purchase Steel drum 200L - without lacquer - once used, inside and outside clean  from Khalid plastic",Khalid plastic,Bank,100800.0,0.0,Purchases - Steel Drums,xlsm,2026-04-21 07:01:25
135,2026-01-19,Purchase Plastic drum O/M 120L  from Khalid plastic,Khalid plastic,Bank,89400.0,0.0,Purchases - Plastic Drums,xlsm,2026-04-21 07:01:25
136,2026-01-20,"Sold Steel drum 200L - without lacquer - once used, inside and outside clean  to Anjum Chemical- Pak petro",Anjum Chemical- Pak petro,Bank,0.0,690300.0,Sales - Steel Drums,xlsm,2026-04-21 07:01:25
137,2026-01-21,"Sold Steel drum 200L - without lacquer - once used, inside and outside clean  to Anjum Chemical- Pak petro",Anjum Chemical- Pak petro,Bank,0.0,690300.0,Sales - Steel Drums,xlsm,2026-04-21 07:01:25
138,2026-01-22,Sold Plastic IBCs 1000L to Polymer international,Polymer international,Bank,0.0,377600.0,Sales - IBC Tanks,xlsm,2026-04-21 07:01:25
139,2026-01-22,"Sold Steel drum 200L - without lacquer - once used, inside and outside clean  to Anjum Chemical- Pak petro",Anjum Chemical- Pak petro,Bank,0.0,690300.0,Sales - Steel Drums,xlsm,2026-04-21 07:01:25
140,2026-01-23,"Sold Steel drum 200L - without lacquer - once used, inside and outside clean  to Anjum Chemical- Pak petro",Anjum Chemical- Pak petro,Bank,0.0,690300.0,Sales - Steel Drums,xlsm,2026-04-21 07:01:25
141,2026-01-24,"Sold Steel drum 200L - without lacquer - once used, inside and outside clean  to Anjum Chemical- Pak petro",Anjum Chemical- Pak petro,Bank,0.0,690300.0,Sales - Steel Drums,xlsm,2026-04-21 07:01:25
142,2026-01-26,Sold Plastic IBCs 1000L to Sika Pakistan,Sika Pakistan,Bank,0.0,177000.0,Sales - IBC Tanks,xlsm,2026-04-21 07:01:25
143,2026-01-26,Sold Plastic IBCs 1000L to Sika Pakistan,Sika Pakistan,Bank,0.0,354000.0,Sales - IBC Tanks,xlsm,2026-04-21 07:01:25
144,2026-01-26,"Sold Steel drum 200L - without lacquer - once used, inside and outside clean  to Anjum Chemical- Pak petro",Anjum Chemical- Pak petro,Bank,0.0,690300.0,Sales - Steel Drums,xlsm,2026-04-21 07:01:25
145,2026-01-27,Payment to Khalid plastic,Khalid plastic,Bank,0.0,421460.0,Accounts Payable Payment,xlsm,2026-04-21 07:01:25
146,2026-01-28,"Sold Steel drum 200L - without lacquer - once used, inside and outside clean  to Anjum Chemical- Pak petro",Anjum Chemical- Pak petro,Bank,0.0,690300.0,Sales - Steel Drums,xlsm,2026-04-21 07:01:25
147,2026-01-28,Sold  to Naveed Resin (Waseem),Naveed Resin (Waseem),Bank,0.0,738375.0,Sales - Steel Drums,xlsm,2026-04-21 07:01:25
148,2026-01-28,Payment received from Naveed Resin (Waseem),Naveed Resin (Waseem),Bank,375900.0,0.0,Customer Payment Received,xlsm,2026-04-21 07:01:25
149,2026-01-30,Payment received from Naveed Resin (Waseem),Naveed Resin (Waseem),Bank,200000.0,0.0,Customer Payment Received,xlsm,2026-04-21 07:01:25
150,2026-01-31,"Sold Steel drum 200L - without lacquer - once used, inside and outside clean  to Anjum Chemical- Pak petro",Anjum Chemical- Pak petro,Bank,0.0,690300.0,Sales - Steel Drums,xlsm,2026-04-21 07:01:25
151,2026-02-03,Sold Plastic drum O/M 120L  to Polymer international,Polymer international,Bank,0.0,501500.0,Sales - Plastic Drums,xlsm,2026-04-21 07:01:25
152,2026-02-04,Sold Plastic drum C/M 200L  to Sika Pakistan,Sika Pakistan,Bank,0.0,212400.0,Sales - Plastic Drums,xlsm,2026-04-21 07:01:25
153,2026-02-06,Payment received from Naveed Resin (Waseem),Naveed Resin (Waseem),Bank,80000.0,0.0,Customer Payment Received,xlsm,2026-04-21 07:01:25
154,2026-02-07,Purchase Steel drum 200L - rusty  from Khalid plastic,Khalid plastic,Bank,44200.0,0.0,Purchases - Steel Drums,xlsm,2026-04-21 07:01:25
155,2026-02-07,"Purchase Steel drum 200L - with lacquer - once used, inside and outside clean  from Khalid plastic",Khalid plastic,Bank,51750.0,0.0,Purchases - Steel Drums,xlsm,2026-04-21 07:01:25
156,2026-02-07,Purchase Steel drum 200L - dented - with lacquer from Khalid plastic,Khalid plastic,Bank,16500.0,0.0,Purchases - Steel Drums,xlsm,2026-04-21 07:01:25
157,2026-02-07,"Purchase Steel drum 200L - without lacquer - once used, inside and outside clean  from Khalid plastic",Khalid plastic,Bank,46800.0,0.0,Purchases - Steel Drums,xlsm,2026-04-21 07:01:25
158,2026-02-07,Purchase Plastic drum O/M 120L  from Khalid plastic,Khalid plastic,Bank,216050.0,0.0,Purchases - Plastic Drums,xlsm,2026-04-21 07:01:25
159,2026-02-07,"Purchase Steel drum 200L - without lacquer - once used, inside and outside clean  from Khalid plastic",Khalid plastic,Bank,18000.0,0.0,Purchases - Steel Drums,xlsm,2026-04-21 07:01:25
160,2026-02-07,"Purchase Steel drum 200L - with lacquer - once used, inside and outside clean  from Khalid plastic",Khalid plastic,Bank,41400.0,0.0,Purchases - Steel Drums,xlsm,2026-04-21 07:01:25
161,2026-02-07,Purchase Steel drum 200L - rusty  from Khalid plastic,Khalid plastic,Bank,59800.0,0.0,Purchases - Steel Drums,xlsm,2026-04-21 07:01:25
162,2026-02-08,Payment to Khalid plastic,Khalid plastic,Bank,0.0,583900.0,Accounts Payable Payment,xlsm,2026-04-21 07:01:25
163,2026-02-09,Sold Plastic drum C/M 200L  to Sika Pakistan,Sika Pakistan,Bank,0.0,212400.0,Sales - Plastic Drums,xlsm,2026-04-21 07:01:25
164,2026-02-10,Payment received from Naveed Resin (Waseem),Naveed Resin (Waseem),Bank,127500.0,0.0,Customer Payment Received,xlsm,2026-04-21 07:01:25
165,2026-02-11,Sold Plastic IBCs 1000L to Sika Pakistan,Sika Pakistan,Bank,0.0,531000.0,Sales - IBC Tanks,xlsm,2026-04-21 07:01:25
166,2026-02-11,Payment received from Naveed Resin (Waseem),Naveed Resin (Waseem),Bank,187500.0,0.0,Customer Payment Received,xlsm,2026-04-21 07:01:25
167,2026-02-16,"Sold Steel drum 200L - without lacquer - once used, inside and outside clean  to Anjum Chemical- Pak petro",Anjum Chemical- Pak petro,Bank,0.0,672600.0,Sales - Steel Drums,xlsm,2026-04-21 07:01:25
168,2026-02-16,"Sold Steel drum 200L - without lacquer - once used, inside and outside clean  to Anjum Chemical- Pak petro",Anjum Chemical- Pak petro,Bank,0.0,672600.0,Sales - Steel Drums,xlsm,2026-04-21 07:01:25
169,2026-02-17,"Sold Steel drum 200L - without lacquer - once used, inside and outside clean  to Anjum Chemical- Pak petro",Anjum Chemical- Pak petro,Bank,0.0,672600.0,Sales - Steel Drums,xlsm,2026-04-21 07:01:25
170,2026-02-17,Sold Plastic drum O/M 120L  to Polymer international,Polymer international,Bank,0.0,501500.0,Sales - Plastic Drums,xlsm,2026-04-21 07:01:25
171,2026-02-17,Sold Plastic drum O/M 120L  to Polymer international,Polymer international,Bank,0.0,501500.0,Sales - Plastic Drums,xlsm,2026-04-21 07:01:25
172,2026-02-17,"Sold Steel drum 200L - without lacquer - once used, inside and outside clean  to Anjum Chemical- Pak petro",Anjum Chemical- Pak petro,Bank,0.0,672600.0,Sales - Steel Drums,xlsm,2026-04-21 07:01:25
173,2026-02-17,"Purchase Steel drum 200L - with lacquer - once used, inside and outside clean  from Khalid plastic",Khalid plastic,Bank,110400.0,0.0,Purchases - Steel Drums,xlsm,2026-04-21 07:01:25
174,2026-02-17,"Purchase Steel drum 200L - without lacquer - once used, inside and outside clean  from Khalid plastic",Khalid plastic,Bank,25200.0,0.0,Purchases - Steel Drums,xlsm,2026-04-21 07:01:25
175,2026-02-17,Purchase Steel drum 200L - rusty  from Khalid plastic,Khalid plastic,Bank,39000.0,0.0,Purchases - Steel Drums,xlsm,2026-04-21 07:01:25
176,2026-02-17,Purchase Plastic drum O/M 120L  from Khalid plastic,Khalid plastic,Bank,163900.0,0.0,Purchases - Plastic Drums,xlsm,2026-04-21 07:01:25
177,2026-02-18,Sold Plastic IBCs 1000L to Sika Pakistan,Sika Pakistan,Bank,0.0,531000.0,Sales - IBC Tanks,xlsm,2026-04-21 07:01:25
178,2026-02-18,"Sold Steel drum 200L - without lacquer - once used, inside and outside clean  to Anjum Chemical- Pak petro",Anjum Chemical- Pak petro,Bank,0.0,672600.0,Sales - Steel Drums,xlsm,2026-04-21 07:01:25
179,2026-02-18,"Sold Steel drum 200L - without lacquer - once used, inside and outside clean  to Anjum Chemical- Pak petro",Anjum Chemical- Pak petro,Bank,0.0,672600.0,Sales - Steel Drums,xlsm,2026-04-21 07:01:25
180,2026-02-21,Payment received from Waseem resin,Waseem resin,Bank,738375.0,0.0,Customer Payment Received,xlsm,2026-04-21 07:01:25
181,2026-02-21,Sold Plastic IBCs 1000L to Sika Pakistan,Sika Pakistan,Bank,0.0,159300.0,Sales - IBC Tanks,xlsm,2026-04-21 07:01:25
182,2026-02-21,Payment received from Waseem resin,Waseem resin,Bank,2505655.0,0.0,Customer Payment Received,xlsm,2026-04-21 07:01:25
183,2026-02-21,"Sold Steel drum 200L - with lacquer - once used, inside and outside clean  to Waseem resin",Waseem resin,Bank,0.0,738375.0,Sales - Steel Drums,xlsm,2026-04-21 07:01:25
184,2026-02-21,Sold Plastic IBCs 1000L to Sika Pakistan,Sika Pakistan,Bank,0.0,354000.0,Sales - IBC Tanks,xlsm,2026-04-21 07:01:25
185,2026-02-23,Sold Plastic drum C/M 200L  to Sika Pakistan,Sika Pakistan,Bank,0.0,212400.0,Sales - Plastic Drums,xlsm,2026-04-21 07:01:25
186,2026-02-24,Payment to Tanveer drum,Tanveer drum,Bank,0.0,110300.0,Accounts Payable Payment,xlsm,2026-04-21 07:01:25
187,2026-02-24,"Purchase Steel drum 200L - with lacquer - once used, inside and outside clean  from Khalid plastic",Khalid plastic,Bank,34500.0,0.0,Purchases - Steel Drums,xlsm,2026-04-21 07:01:25
188,2026-02-24,Payment to Tufail Port Qasim,Tufail Port Qasim,Bank,0.0,220500.0,Accounts Payable Payment,xlsm,2026-04-21 07:01:25
189,2026-02-24,"Purchase Steel drum 200L - without lacquer - once used, inside and outside clean  from Khalid plastic",Khalid plastic,Bank,43200.0,0.0,Purchases - Steel Drums,xlsm,2026-04-21 07:01:25
190,2026-02-24,Payment to Khalid plastic,Khalid plastic,Bank,0.0,174600.0,Accounts Payable Payment,xlsm,2026-04-21 07:01:25
191,2026-02-24,Purchase Steel drum 200L - damage/cutting/cracked lacquer from Khalid plastic,Khalid plastic,Bank,14400.0,0.0,Purchases - Steel Drums,xlsm,2026-04-21 07:01:25
192,2026-02-24,Purchase Steel drum 200L - dented - with lacquer from Khalid plastic,Khalid plastic,Bank,9900.0,0.0,Purchases - Steel Drums,xlsm,2026-04-21 07:01:25
193,2026-02-24,Purchase Steel drum 200L - damage/cutting/cracked lacquer from Tanveer drum,Tanveer drum,Bank,5000.0,0.0,Purchases - Steel Drums,xlsm,2026-04-21 07:01:25
194,2026-02-24,Purchase Steel drum 200L - rusty  from Khalid plastic,Khalid plastic,Bank,67600.0,0.0,Purchases - Steel Drums,xlsm,2026-04-21 07:01:25
195,2026-02-24,Payment to Tufail Port Qasim,Tufail Port Qasim,Bank,0.0,124500.0,Accounts Payable Payment,xlsm,2026-04-21 07:01:25
196,2026-02-24,Purchase Steel drum 200L - dented - with lacquer from Tanveer drum,Tanveer drum,Bank,69300.0,0.0,Purchases - Steel Drums,xlsm,2026-04-21 07:01:25
197,2026-02-24,"Purchase Steel drum 200L - with lacquer - once used, inside and outside clean  from Tanveer drum",Tanveer drum,Bank,36000.0,0.0,Purchases - Steel Drums,xlsm,2026-04-21 07:01:25
198,2026-02-25,"Sold Steel drum 200L - with lacquer - once used, inside and outside clean  to Waseem resin",Waseem resin,Bank,0.0,738375.0,Sales - Steel Drums,xlsm,2026-04-21 07:01:25
199,2026-02-26,Sold Plastic IBCs 1000L to HTG Chor,HTG Chor,Bank,0.0,66080.0,Sales - IBC Tanks,xlsm,2026-04-21 07:01:25
200,2026-02-26,Payment received from HTG Chor,HTG Chor,Bank,66080.0,0.0,Customer Payment Received,xlsm,2026-04-21 07:01:25
201,2026-02-27,Payment received from HTG Chor,HTG Chor,Bank,66080.0,0.0,Customer Payment Received,xlsm,2026-04-21 07:01:25
202,2026-02-27,Sold Plastic IBCs 1000L to HTG Chor,HTG Chor,Bank,0.0,66080.0,Sales - IBC Tanks,xlsm,2026-04-21 07:01:25
203,2026-03-02,Sold Plastic IBCs 1000L to Polymer international,Polymer international,Bank,0.0,377600.0,Sales - IBC Tanks,xlsm,2026-04-21 07:01:25
204,2026-03-03,Purchase Plastic IBCs 1000L from Razi and sons - seats,Razi and sons - seats,Bank,409500.0,0.0,Purchases - IBC Tanks,xlsm,2026-04-21 07:01:25
205,2026-03-03,"Purchase Steel drum 200L - without lacquer - once used, inside and outside clean  from Tanveer drum",Tanveer drum,Bank,14400.0,0.0,Purchases - Steel Drums,xlsm,2026-04-21 07:01:25
206,2026-03-03,Payment to Tanveer drum,Tanveer drum,Bank,0.0,140400.0,Accounts Payable Payment,xlsm,2026-04-21 07:01:25
207,2026-03-03,"Purchase Steel drum 200L - with lacquer - once used, inside and outside clean  from Tanveer drum",Tanveer drum,Bank,126000.0,0.0,Purchases - Steel Drums,xlsm,2026-04-21 07:01:25
208,2026-03-03,Purchase Plastic IBCs 1000L - Binder from Razi and sons - seats,Razi and sons - seats,Bank,220500.0,0.0,Purchases - IBC Tanks,xlsm,2026-04-21 07:01:25
209,2026-03-04,Payment received from Scada,Scada,Bank,1577070.0,0.0,Customer Payment Received,xlsm,2026-04-21 07:01:25
210,2026-03-04,Payment received from HTG Chor,HTG Chor,Bank,66080.0,0.0,Customer Payment Received,xlsm,2026-04-21 07:01:25
211,2026-03-05,Payment received from HTG Chor,HTG Chor,Bank,16520.0,0.0,Customer Payment Received,xlsm,2026-04-21 07:01:25
212,2026-03-05,Sold Plastic IBCs 1000L to HTG Chor,HTG Chor,Bank,0.0,82600.0,Sales - IBC Tanks,xlsm,2026-04-21 07:01:25
213,2026-03-06,"Sold Steel drum 200L - with lacquer - once used, inside and outside clean  to Waseem resin",Waseem resin,Bank,0.0,738375.0,Sales - Steel Drums,xlsm,2026-04-21 07:01:25
214,2026-03-07,Sold  to Naveed Resin (Waseem),Naveed Resin (Waseem),Bank,0.0,384000.0,Sales - Steel Drums,xlsm,2026-04-21 07:01:25
215,2026-03-07,Sold Plastic IBCs 1000L to Polymer international,Polymer international,Bank,0.0,377600.0,Sales - IBC Tanks,xlsm,2026-04-21 07:01:25
216,2026-03-09,Payment received from Naveed Resin (Waseem),Naveed Resin (Waseem),Bank,73500.0,0.0,Customer Payment Received,xlsm,2026-04-21 07:01:25
217,2026-03-10,Payment received from Waseem resin,Waseem resin,Bank,375000.0,0.0,Customer Payment Received,xlsm,2026-04-21 07:01:25
218,2026-03-10,Sold Plastic IBCs 1000L to Scada,Scada,Bank,0.0,531000.0,Sales - IBC Tanks,xlsm,2026-04-21 07:01:25
219,2026-03-10,"Sold Steel drum 200L - without lacquer - once used, inside and outside clean  to Polymer international",Polymer international,Bank,0.0,483800.0,Sales - Steel Drums,xlsm,2026-04-21 07:01:25
220,2026-03-10,Sold Plastic IBCs 1000L to Scada,Scada,Bank,0.0,531000.0,Sales - IBC Tanks,xlsm,2026-04-21 07:01:25
221,2026-03-10,Sold Plastic IBCs 1000L to Scada,Scada,Bank,0.0,531000.0,Sales - IBC Tanks,xlsm,2026-04-21 07:01:25
222,2026-03-10,Sold Plastic IBCs 1000L to Scada,Scada,Bank,0.0,531000.0,Sales - IBC Tanks,xlsm,2026-04-21 07:01:25
223,2026-03-11,Payment received from Waseem resin,Waseem resin,Bank,400000.0,0.0,Customer Payment Received,xlsm,2026-04-21 07:01:25
224,2026-03-11,Purchase Steel drum 200L - rusty  from Khalid plastic,Khalid plastic,Bank,62400.0,0.0,Purchases - Steel Drums,xlsm,2026-04-21 07:01:25
225,2026-03-11,Purchase Plastic drum O/M 120L  from Khalid plastic,Khalid plastic,Bank,432100.0,0.0,Purchases - Plastic Drums,xlsm,2026-04-21 07:01:25
226,2026-03-11,"Purchase Steel drum 200L - without lacquer - once used, inside and outside clean  from Khalid plastic",Khalid plastic,Bank,25200.0,0.0,Purchases - Steel Drums,xlsm,2026-04-21 07:01:25
227,2026-03-11,"Purchase Steel drum 200L - without lacquer - once used, inside and outside clean  from Khalid plastic",Khalid plastic,Bank,14400.0,0.0,Purchases - Steel Drums,xlsm,2026-04-21 07:01:25
228,2026-03-11,Purchase Steel drum 200L - rusty  from Khalid plastic,Khalid plastic,Bank,15600.0,0.0,Purchases - Steel Drums,xlsm,2026-04-21 07:01:25
229,2026-03-11,"Purchase Steel drum 200L - without lacquer - once used, inside and outside clean  from Khalid plastic",Khalid plastic,Bank,21600.0,0.0,Purchases - Steel Drums,xlsm,2026-04-21 07:01:25
230,2026-03-11,Payment to Khalid plastic,Khalid plastic,Bank,0.0,333500.0,Accounts Payable Payment,xlsm,2026-04-21 07:01:25
231,2026-03-11,Purchase Steel drum 200L - rusty  from Khalid plastic,Khalid plastic,Bank,65000.0,0.0,Purchases - Steel Drums,xlsm,2026-04-21 07:01:25
232,2026-03-12,Payment to Tanveer drum,Tanveer drum,Bank,0.0,243600.0,Accounts Payable Payment,xlsm,2026-04-21 07:01:25
233,2026-03-12,"Purchase Steel drum 200L - without lacquer - once used, inside and outside clean  from Tanveer drum",Tanveer drum,Bank,140400.0,0.0,Purchases - Steel Drums,xlsm,2026-04-21 07:01:25
234,2026-03-12,Purchase Steel drum 200L - damage/cutting/cracked lacquer from Tanveer drum,Tanveer drum,Bank,2500.0,0.0,Purchases - Steel Drums,xlsm,2026-04-21 07:01:25
235,2026-03-12,Payment received from HTG Chor,HTG Chor,Bank,1650000.0,0.0,Customer Payment Received,xlsm,2026-04-21 07:01:25
236,2026-03-12,Payment to Tanveer drum,Tanveer drum,Bank,0.0,150000.0,Accounts Payable Payment,xlsm,2026-04-21 07:01:25
237,2026-03-12,Purchase Steel drum 200L - dented - with lacquer from Tanveer drum,Tanveer drum,Bank,33000.0,0.0,Purchases - Steel Drums,xlsm,2026-04-21 07:01:25
238,2026-03-12,Purchase Steel drum 200L - rusty  from SCADA Port Qasim,SCADA Port Qasim,Bank,98000.0,0.0,Purchases - Steel Drums,xlsm,2026-04-21 07:01:25
239,2026-03-12,Payment to SCADA Port Qasim,SCADA Port Qasim,Bank,0.0,466500.0,Accounts Payable Payment,xlsm,2026-04-21 07:01:25
240,2026-03-12,"Purchase Steel drum 200L - with lacquer - once used, inside and outside clean  from Tanveer drum",Tanveer drum,Bank,192500.0,0.0,Purchases - Steel Drums,xlsm,2026-04-21 07:01:25
241,2026-03-12,"Purchase Steel drum 200L - with lacquer - once used, inside and outside clean  from SCADA Port Qasim",SCADA Port Qasim,Bank,368500.0,0.0,Purchases - Steel Drums,xlsm,2026-04-21 07:01:25
242,2026-03-12,"Purchase Steel drum 200L - without lacquer - once used, inside and outside clean  from Tanveer drum",Tanveer drum,Bank,25200.0,0.0,Purchases - Steel Drums,xlsm,2026-04-21 07:01:25
243,2026-03-13,Sold Plastic IBCs 1000L to HTG Chor,HTG Chor,Bank,0.0,495600.0,Sales - IBC Tanks,xlsm,2026-04-21 07:01:25
244,2026-03-13,"Sold Steel drum 200L - without lacquer - once used, inside and outside clean  to Anjum Chemical- Pak petro",Anjum Chemical- Pak petro,Bank,0.0,672600.0,Sales - Steel Drums,xlsm,2026-04-21 07:01:25
245,2026-03-13,"Sold Steel drum 200L - without lacquer - once used, inside and outside clean  to Anjum Chemical- Pak petro",Anjum Chemical- Pak petro,Bank,0.0,672600.0,Sales - Steel Drums,xlsm,2026-04-21 07:01:25
246,2026-03-13,Sold Plastic drum O/M 120L  to Polymer international,Polymer international,Bank,0.0,501500.0,Sales - Plastic Drums,xlsm,2026-04-21 07:01:25
247,2026-03-14,"Sold Steel drum 200L - with lacquer - once used, inside and outside clean  to Waseem resin",Waseem resin,Bank,0.0,738375.0,Sales - Steel Drums,xlsm,2026-04-21 07:01:25
248,2026-03-15,Payment received from Waseem resin,Waseem resin,Bank,300000.0,0.0,Customer Payment Received,xlsm,2026-04-21 07:01:25
249,2026-03-15,Payment received from Waseem resin,Waseem resin,Bank,470000.0,0.0,Customer Payment Received,xlsm,2026-04-21 07:01:25
250,2026-03-15,Sold Plastic IBCs 1000L to HTG Chor,HTG Chor,Bank,0.0,991200.0,Sales - IBC Tanks,xlsm,2026-04-21 07:01:25
251,2026-03-16,Payment received from Waseem resin,Waseem resin,Bank,80000.0,0.0,Customer Payment Received,xlsm,2026-04-21 07:01:25
252,2026-03-16,Payment received from Waseem resin,Waseem resin,Bank,170000.0,0.0,Customer Payment Received,xlsm,2026-04-21 07:01:25
253,2026-03-16,Payment received from Waseem resin,Waseem resin,Bank,28000.0,0.0,Customer Payment Received,xlsm,2026-04-21 07:01:25
254,2026-03-16,Payment received from Waseem resin,Waseem resin,Bank,262000.0,0.0,Customer Payment Received,xlsm,2026-04-21 07:01:25
255,2026-03-17,Sold Plastic IBCs 1000L to HTG Chor,HTG Chor,Bank,0.0,991200.0,Sales - IBC Tanks,xlsm,2026-04-21 07:01:25
256,2026-03-17,Payment received from Waseem resin,Waseem resin,Bank,300000.0,0.0,Customer Payment Received,xlsm,2026-04-21 07:01:25
257,2026-03-17,"Sold Steel drum 200L - with lacquer - once used, inside and outside clean  to Waseem resin",Waseem resin,Bank,0.0,738375.0,Sales - Steel Drums,xlsm,2026-04-21 07:01:25
258,2026-03-17,Payment received from Naveed Resin (Waseem),Naveed Resin (Waseem),Bank,100000.0,0.0,Customer Payment Received,xlsm,2026-04-21 07:01:25
259,2026-03-17,Sold Plastic drum C/M 200L  to Sika Pakistan,Sika Pakistan,Bank,0.0,212400.0,Sales - Plastic Drums,xlsm,2026-04-21 07:01:25
260,2026-03-17,Sold Plastic drum C/M 200L  to Sika Pakistan,Sika Pakistan,Bank,0.0,42480.0,Sales - Plastic Drums,xlsm,2026-04-21 07:01:25
261,2026-03-18,Payment received from Anjum Chemical- Pak petro,Anjum Chemical- Pak petro,Bank,9567558.0,0.0,Customer Payment Received,xlsm,2026-04-21 07:01:25
262,2026-03-18,Payment received from Anjum Chemical- Pak petro,Anjum Chemical- Pak petro,Bank,3995244.0,0.0,Customer Payment Received,xlsm,2026-04-21 07:01:25
263,2026-03-19,Sold Plastic IBCs 1000L to Sika Pakistan,Sika Pakistan,Bank,0.0,531000.0,Sales - IBC Tanks,xlsm,2026-04-21 07:01:25
264,2026-03-19,Payment received from Polymer international,Polymer international,Bank,1489455.0,0.0,Customer Payment Received,xlsm,2026-04-21 07:01:25
265,2026-03-19,Payment received from Polymer international,Polymer international,Bank,870309.0,0.0,Customer Payment Received,xlsm,2026-04-21 07:01:25
266,2026-03-19,Payment received from Polymer international,Polymer international,Bank,1121471.0,0.0,Customer Payment Received,xlsm,2026-04-21 07:01:25
267,2026-03-19,"Sold Steel drum 200L - without lacquer - once used, inside and outside clean  to Anjum Chemical- Pak petro",Anjum Chemical- Pak petro,Bank,0.0,672600.0,Sales - Steel Drums,xlsm,2026-04-21 07:01:25
268,2026-03-26,"Sold Steel drum 200L - without lacquer - once used, inside and outside clean  to Anjum Chemical- Pak petro",Anjum Chemical- Pak petro,Bank,0.0,672600.0,Sales - Steel Drums,xlsm,2026-04-21 07:01:25
269,2026-03-26,Sold Plastic drum C/M 200L  to Sika Pakistan,Sika Pakistan,Bank,0.0,212400.0,Sales - Plastic Drums,xlsm,2026-04-21 07:01:25
270,2026-03-26,Payment received from Waseem resin,Waseem resin,Bank,248000.0,0.0,Customer Payment Received,xlsm,2026-04-21 07:01:25
271,2026-03-27,Sold Plastic drum O/M 120L  to Polymer international,Polymer international,Bank,0.0,576725.0,Sales - Plastic Drums,xlsm,2026-04-21 07:01:25
272,2026-03-28,Sold Plastic IBCs 1000L to Sika Pakistan,Sika Pakistan,Bank,0.0,531000.0,Sales - IBC Tanks,xlsm,2026-04-21 07:01:25
273,2026-03-30,Purchase Steel drum 200L - damage/cutting/cracked lacquer from Khalid plastic,Khalid plastic,Bank,9600.0,0.0,Purchases - Steel Drums,xlsm,2026-04-21 07:01:25
274,2026-03-30,Purchase Plastic IBCs 1000L from Khalid plastic,Khalid plastic,Bank,175000.0,0.0,Purchases - IBC Tanks,xlsm,2026-04-21 07:01:25
275,2026-03-30,Purchase Steel drum 200L - rusty  from Khalid plastic,Khalid plastic,Bank,57200.0,0.0,Purchases - Steel Drums,xlsm,2026-04-21 07:01:25
276,2026-03-30,Purchase Plastic drum O/M 120L  from Khalid plastic,Khalid plastic,Bank,165390.0,0.0,Purchases - Plastic Drums,xlsm,2026-04-21 07:01:25
277,2026-03-30,Payment received from HTG Chor,HTG Chor,Bank,690300.0,0.0,Customer Payment Received,xlsm,2026-04-21 07:01:25
278,2026-03-30,Purchase Plastic drum O/M 120L  from Khalid plastic,Khalid plastic,Bank,283100.0,0.0,Purchases - Plastic Drums,xlsm,2026-04-21 07:01:25
279,2026-03-30,Purchase Plastic IBCs 1000L from Khalid plastic,Khalid plastic,Bank,100000.0,0.0,Purchases - IBC Tanks,xlsm,2026-04-21 07:01:25
280,2026-03-30,Sold Plastic drum C/M 200L  to Sika Pakistan,Sika Pakistan,Bank,0.0,169920.0,Sales - Plastic Drums,xlsm,2026-04-21 07:01:25
281,2026-03-30,"Purchase Steel drum 200L - without lacquer - once used, inside and outside clean  from Khalid plastic",Khalid plastic,Bank,57600.0,0.0,Purchases - Steel Drums,xlsm,2026-04-21 07:01:25
282,2026-03-30,"Purchase Steel drum 200L - with lacquer - once used, inside and outside clean  from Khalid plastic",Khalid plastic,Bank,17250.0,0.0,Purchases - Steel Drums,xlsm,2026-04-21 07:01:25
283,2026-03-30,Payment to Khalid plastic,Khalid plastic,Bank,0.0,636300.0,Accounts Payable Payment,xlsm,2026-04-21 07:01:25
284,2026-03-31,Sold Plastic IBCs 1000L to HTG Chor,HTG Chor,Bank,0.0,165200.0,Sales - IBC Tanks,xlsm,2026-04-21 07:01:25
285,2026-03-31,Sold Plastic IBCs 1000L to Scada,Scada,Bank,0.0,531000.0,Sales - IBC Tanks,xlsm,2026-04-21 07:01:25
286,2026-04-01,Payment received from Waseem resin,Waseem resin,Bank,400000.0,0.0,Customer Payment Received,xlsm,2026-04-21 07:01:25
287,2026-04-01,"Sold Steel drum 200L - with lacquer - once used, inside and outside clean  to Waseem resin",Waseem resin,Bank,0.0,738375.0,Sales - Steel Drums,xlsm,2026-04-21 07:01:25
288,2026-04-01,"Sold Steel drum 200L - with lacquer - once used, inside and outside clean  to Waseem resin",Waseem resin,Bank,0.0,-281925.0,Sales - Steel Drums,xlsm,2026-04-21 07:01:25
289,2026-04-04,Purchase Plastic drum O/M 120L  from Khalid plastic,Khalid plastic,Bank,283100.0,0.0,Purchases - Plastic Drums,xlsm,2026-04-21 07:01:25
290,2026-04-04,Purchase Plastic IBCs 1000L from Khalid plastic,Khalid plastic,Bank,-162500.0,0.0,Purchases - IBC Tanks,xlsm,2026-04-21 07:01:25
291,2026-04-04,"Purchase Steel drum 200L - without lacquer - once used, inside and outside clean  from Khalid plastic",Khalid plastic,Bank,18000.0,0.0,Purchases - Steel Drums,xlsm,2026-04-21 07:01:25
292,2026-04-04,Sold Plastic IBCs 1000L to Polymer international,Polymer international,Bank,0.0,377600.0,Sales - IBC Tanks,xlsm,2026-04-21 07:01:25
293,2026-04-04,Purchase Steel drum 200L - rusty  from Khalid plastic,Khalid plastic,Bank,26000.0,0.0,Purchases - Steel Drums,xlsm,2026-04-21 07:01:25
294,2026-04-04,"Purchase Steel drum 200L - with lacquer - once used, inside and outside clean  from Khalid plastic",Khalid plastic,Bank,62100.0,0.0,Purchases - Steel Drums,xlsm,2026-04-21 07:01:25
295,2026-04-04,Purchase Steel drum 200L - clean - dented - without lacquer from Khalid plastic,Khalid plastic,Bank,13200.0,0.0,Purchases - Steel Drums,xlsm,2026-04-21 07:01:25
296,2026-04-04,Purchase Steel drum 200L - rusty  from Khalid plastic,Khalid plastic,Bank,10400.0,0.0,Purchases - Steel Drums,xlsm,2026-04-21 07:01:25
297,2026-04-07,"Purchase Steel drum 200L - with lacquer - once used, inside and outside clean  from Saqib EPA - Port Qasim",Saqib EPA - Port Qasim,Bank,125400.0,0.0,Purchases - Steel Drums,xlsm,2026-04-21 07:01:25
298,2026-04-07,Purchase Steel drum 200L - foam/solution  from Saqib EPA - Port Qasim,Saqib EPA - Port Qasim,Bank,30000.0,0.0,Purchases - Steel Drums,xlsm,2026-04-21 07:01:25
299,2026-04-07,Purchase Steel Drum 25kg  from Saqib EPA - Port Qasim,Saqib EPA - Port Qasim,Bank,4620.0,0.0,Purchases - Steel Drums,xlsm,2026-04-21 07:01:25
300,2026-04-08,Payment received from Sika Pakistan,Sika Pakistan,Bank,1963160.0,0.0,Customer Payment Received,xlsm,2026-04-21 07:01:25
301,2026-04-08,Payment to Saqib EPA - Port Qasim,Saqib EPA - Port Qasim,Bank,0.0,160020.0,Accounts Payable Payment,xlsm,2026-04-21 07:01:25
302,2026-04-09,Payment to Khalid plastic,Khalid plastic,Bank,0.0,400000.0,Accounts Payable Payment,xlsm,2026-04-21 07:01:25
303,2026-04-10,Payment to Khalid plastic,Khalid plastic,Bank,0.0,346640.0,Accounts Payable Payment,xlsm,2026-04-21 07:01:25
304,2026-04-13,Sold Plastic IBCs 1000L to Polymer international,Polymer international,Bank,0.0,377600.0,Sales - IBC Tanks,xlsm,2026-04-21 07:01:25
305,2026-04-13,Sold Plastic drum O/M 120L  to Polymer international,Polymer international,Bank,0.0,501500.0,Sales - Plastic Drums,xlsm,2026-04-21 07:01:25
306,2026-04-14,Payment to Tanveer drum,Tanveer drum,Bank,0.0,210800.0,Accounts Payable Payment,xlsm,2026-04-21 07:01:25
307,2026-04-14,"Purchase Steel drum 200L - with lacquer - once used, inside and outside clean  from Tanveer drum",Tanveer drum,Bank,59500.0,0.0,Purchases - Steel Drums,xlsm,2026-04-21 07:01:25
308,2026-04-14,Purchase Steel drum 200L - damage/cutting/cracked lacquer from Tanveer drum,Tanveer drum,Bank,36400.0,0.0,Purchases - Steel Drums,xlsm,2026-04-21 07:01:25
309,2026-04-14,Purchase Steel drum 200L - dented - with lacquer from Tanveer drum,Tanveer drum,Bank,3300.0,0.0,Purchases - Steel Drums,xlsm,2026-04-21 07:01:25
310,2026-04-14,"Purchase Steel drum 200L - without lacquer - once used, inside and outside clean  from Tanveer drum",Tanveer drum,Bank,7200.0,0.0,Purchases - Steel Drums,xlsm,2026-04-21 07:01:25
311,2026-04-14,"Purchase Steel drum 200L - without lacquer - once used, inside and outside clean  from Tanveer drum",Tanveer drum,Bank,104400.0,0.0,Purchases - Steel Drums,xlsm,2026-04-21 07:01:25
312,2026-04-15,"Sold Steel drum 200L - without lacquer - once used, inside and outside clean  to Polymer international",Polymer international,Bank,0.0,474124.0,Sales - Steel Drums,xlsm,2026-04-21 07:01:25
313,2026-04-17,"Purchase Steel drum 200L - with lacquer - once used, inside and outside clean  from Khalid plastic",Khalid plastic,Bank,34500.0,0.0,Purchases - Steel Drums,xlsm,2026-04-21 07:01:25
314,2026-04-17,"Purchase Steel drum 200L - without lacquer - once used, inside and outside clean  from Khalid plastic",Khalid plastic,Bank,36000.0,0.0,Purchases - Steel Drums,xlsm,2026-04-21 07:01:25
315,2026-04-17,Purchase Steel drum 200L - rusty  from Khalid plastic,Khalid plastic,Bank,36400.0,0.0,Purchases - Steel Drums,xlsm,2026-04-21 07:01:25
316,2026-04-18,Sold Plastic drum O/M 120L  to Polymer international,Polymer international,Bank,0.0,501500.0,Sales - Plastic Drums,xlsm,2026-04-21 07:01:25
317,2026-04-20,"Sold Steel drum 200L - with lacquer - once used, inside and outside clean  to Waseem resin",Waseem resin,Bank,0.0,738375.0,Sales - Steel Drums,xlsm,2026-04-21 07:01:25
